{
  "avg_step_time_s": 0.0064583346247673035,
  "device_type": "cuda",
  "global_batch_size": 4,
  "hidden_size": 128,
  "mean_loss": 5.5877015590667725,
  "mode": "reference",
  "num_heads": 4,
  "num_layers": 4,
  "parameter_count": 600064,
  "peak_memory_bytes": 79177216.0,
  "precision": "bf16",
  "seq_len": 32,
  "steps": 3,
  "steps_per_second": 154.83867871526252,
  "tokens_per_second": 19199.996160692554,
  "warmup_steps": 1
}
