avg_step_time_s,backend,device_type,global_batch_size,hidden_size,mean_loss,n_microbatches,num_heads,num_layers,parameter_count,partition,peak_memory_bytes,precision,run_name,schedule,seq_len,stage_layout,stages_per_rank,steps,steps_per_second,tokens_per_second,total_stages,warmup_steps,world_size
0.7608617097139359,nccl,cuda,8,128,5.5897135734558105,8,4,16,2187776,manual,74246656.0,bf16,manual-gpipe-8x1-mb8-bs8-seq16,gpipe,16,8x1,1,3,1.3142992836056553,157.71591403267865,8,1,8
0.804525239393115,nccl,cuda,8,128,5.593229293823242,8,4,16,2187776,tracer,81805824.0,bf16,tracer-gpipe-8x1-mb8-bs8-seq16,gpipe,16,8x1,1,3,1.242969084169863,149.15629010038356,8,1,8
0.06317792274057865,nccl,cuda,8,128,5.5897135734558105,8,4,16,2187776,manual,73957376.0,bf16,manual-1f1b-8x1-mb8-bs8-seq16,1f1b,16,8x1,1,3,15.828314015739368,1899.397681888724,8,1,8
0.07421236671507359,nccl,cuda,8,128,5.593229293823242,8,4,16,2187776,tracer,81608704.0,bf16,tracer-1f1b-8x1-mb8-bs8-seq16,1f1b,16,8x1,1,3,13.474843132807484,1616.9811759368981,8,1,8
0.05936532840132713,nccl,cuda,8,128,5.5897135734558105,8,4,16,2187776,manual,73871360.0,bf16,manual-interleaved1f1b-8x2-mb8-bs8-seq16,interleaved1f1b,16,8x2,2,3,16.844849122028013,2021.3818946433614,16,1,8
0.05825933627784252,nccl,cuda,8,128,5.5897135734558105,8,4,16,2187776,manual,73771008.0,bf16,manual-loopedbfs-8x2-mb8-bs8-seq16,loopedbfs,16,8x2,2,3,17.16463083669432,2059.7557004033188,16,1,8
